jurisdiction,year,prisoner_count,state_population
ALABAMA,2001,24741,4468912
ALASKA,2001,4570,633630
ARIZONA,2001,27710,5306966
ARKANSAS,2001,11489,2694698
CALIFORNIA,2001,157142,34600463
COLORADO,2001,17278,4430989
CONNECTICUT,2001,17507,3434602
DELAWARE,2001,6841,796599
FLORIDA,2001,72404,16373330
GEORGIA,2001,45937,8405677
HAWAII,2001,5116,1227024
IDAHO,2001,5270,1320585
ILLINOIS,2001,44348,12520227
INDIANA,2001,19646,6126743
IOWA,2001,7962,2931967
KANSAS,2001,8574,2702125
KENTUCKY,2001,10720,4068816
LOUISIANA,2001,19660,4470368
MAINE,2001,1675,1284470
MARYLAND,2001,23739,5386079
MASSACHUSETTS,2001,10203,6401164
MICHIGAN,2001,48849,10006266
MINNESOTA,2001,6406,4984535
MISSISSIPPI,2001,15131,2859733
MISSOURI,2001,28575,5637309
MONTANA,2001,2795,905382
NEBRASKA,2001,3915,1720039
NEVADA,2001,9862,2097722
NEW HAMPSHIRE,2001,2419,1259359
NEW JERSEY,2001,26052,8511116
NEW MEXICO,2001,5668,1830935
NEW YORK,2001,67554,19084350
NORTH CAROLINA,2001,32203,8206105
NORTH DAKOTA,2001,1088,636550
OHIO,2001,44868,11389785
OKLAHOMA,2001,21719,3469577
OREGON,2001,10950,3473441
PENNSYLVANIA,2001,37641,12303104
RHODE ISLAND,2001,3364,1059659
SOUTH CAROLINA,2001,21719,4062125
SOUTH DAKOTA,2001,2799,758324
TENNESSEE,2001,17466,5749398
TEXAS,2001,148480,21370983
UTAH,2001,4145,2278712
VERMONT,2001,1400,612978
VIRGINIA,2001,31472,7196750
WASHINGTON,2001,15226,5993390
WEST VIRGINIA,2001,3403,1800975
WISCONSIN,2001,20766,5405947
WYOMING,2001,1487,493754
ALABAMA,2002,25100,4478896
ALASKA,2002,4351,641482
ARIZONA,2002,29359,5441125
ARKANSAS,2002,11849,2706268
CALIFORNIA,2002,159695,35001986
COLORADO,2002,18636,4501051
CONNECTICUT,2002,18716,3458587
DELAWARE,2002,6637,805945
FLORIDA,2002,75210,16691701
GEORGIA,2002,47445,8544005
HAWAII,2002,5069,1240663
IDAHO,2002,5451,1343124
ILLINOIS,2002,42693,12586447
INDIANA,2002,20349,6156913
IOWA,2002,8398,2935840
KANSAS,2002,8967,2711769
KENTUCKY,2002,11583,4089822
LOUISIANA,2002,20010,4476192
MAINE,2002,1855,1294894
MARYLAND,2002,24114,5450525
MASSACHUSETTS,2002,9879,6421800
MICHIGAN,2002,50591,10043221
MINNESOTA,2002,6855,5024791
MISSISSIPPI,2002,15355,2866733
MISSOURI,2002,29795,5669544
MONTANA,2002,2870,910372
NEBRASKA,2002,4048,1727564
NEVADA,2002,10101,2167455
NEW HAMPSHIRE,2002,2475,1274405
NEW JERSEY,2002,26301,8575252
NEW MEXICO,2002,5991,1852044
NEW YORK,2002,66925,19134293
NORTH CAROLINA,2002,32918,8305820
NORTH DAKOTA,2002,1117,633911
OHIO,2002,45284,11408699
OKLAHOMA,2002,21996,3489700
OREGON,2002,11650,3520355
PENNSYLVANIA,2002,39724,12328827
RHODE ISLAND,2002,3473,1068326
SOUTH CAROLINA,2002,22896,4103770
SOUTH DAKOTA,2002,2943,760437
TENNESSEE,2002,18297,5789796
TEXAS,2002,152446,21736925
UTAH,2002,4285,2318789
VERMONT,2002,1361,616408
VIRGINIA,2002,30937,7287829
WASHINGTON,2002,16263,6067060
WEST VIRGINIA,2002,3575,1804884
WISCONSIN,2002,21666,5439692
WYOMING,2002,1641,498830
ALABAMA,2003,27614,4503726
ALASKA,2003,4472,648280
ARIZONA,2003,31084,5579222
ARKANSAS,2003,12068,2727774
CALIFORNIA,2003,161785,35462712
COLORADO,2003,19450,4547633
CONNECTICUT,2003,18023,3486960
DELAWARE,2003,6630,818166
FLORIDA,2003,79594,16999181
GEORGIA,2003,47208,8676460
HAWAII,2003,5499,1248755
IDAHO,2003,5558,1367034
ILLINOIS,2003,43418,12649087
INDIANA,2003,21345,6199571
IOWA,2003,8546,2941976
KANSAS,2003,9168,2724786
KENTUCKY,2003,11660,4118189
LOUISIANA,2003,19498,4493665
MAINE,2003,1974,1309205
MARYLAND,2003,23768,5512310
MASSACHUSETTS,2003,9828,6420357
MICHIGAN,2003,49358,10082364
MINNESOTA,2003,7569,5064172
MISSISSIPPI,2003,15863,2882594
MISSOURI,2003,29864,5719204
MONTANA,2003,3053,918157
NEBRASKA,2003,4073,1737475
NEVADA,2003,10584,2242207
NEW HAMPSHIRE,2003,2427,1288705
NEW JERSEY,2003,25718,8642412
NEW MEXICO,2003,6223,1878562
NEW YORK,2003,65388,19212425
NORTH CAROLINA,2003,33874,8421190
NORTH DAKOTA,2003,1100,633400
OHIO,2003,44350,11437680
OKLAHOMA,2003,22688,3506469
OREGON,2003,12207,3564330
PENNSYLVANIA,2003,40879,12370761
RHODE ISLAND,2003,3576,1076084
SOUTH CAROLINA,2003,22942,4148744
SOUTH DAKOTA,2003,3019,764905
TENNESSEE,2003,19141,5845208
TEXAS,2003,153056,22103374
UTAH,2003,4623,2352119
VERMONT,2003,1491,619343
VIRGINIA,2003,30915,7365284
WASHINGTON,2003,16227,6131298
WEST VIRGINIA,2003,3790,1811440
WISCONSIN,2003,22153,5474290
WYOMING,2003,1630,502111
ALABAMA,2004,25635,4525375
ALASKA,2004,4534,657755
ARIZONA,2004,32384,5739879
ARKANSAS,2004,12577,2750000
CALIFORNIA,2004,163939,35842038
COLORADO,2004,19655,4601821
CONNECTICUT,2004,17993,3498966
DELAWARE,2004,6753,830069
FLORIDA,2004,83165,17385430
GEORGIA,2004,51104,8918129
HAWAII,2004,5555,1262124
IDAHO,2004,5758,1395140
ILLINOIS,2004,44054,12712016
INDIANA,2004,21984,6226537
IOWA,2004,8525,2952904
KANSAS,2004,8991,2733697
KENTUCKY,2004,13322,4141835
LOUISIANA,2004,19470,4506685
MAINE,2004,2013,1314985
MARYLAND,2004,23289,5561332
MASSACHUSETTS,2004,9825,6407382
MICHIGAN,2004,48831,10104206
MINNESOTA,2004,7983,5096546
MISSISSIPPI,2004,16359,2900768
MISSOURI,2004,30682,5759532
MONTANA,2004,2703,926920
NEBRASKA,2004,4137,1747704
NEVADA,2004,11033,2332898
NEW HAMPSHIRE,2004,2443,1299169
NEW JERSEY,2004,25435,8685166
NEW MEXICO,2004,6403,1903006
NEW YORK,2004,64024,19280727
NORTH CAROLINA,2004,35544,8540468
NORTH DAKOTA,2004,1130,636308
OHIO,2004,44150,11450143
OKLAHOMA,2004,22621,3523546
OREGON,2004,12652,3591363
PENNSYLVANIA,2004,40506,12394471
RHODE ISLAND,2004,3169,1079916
SOUTH CAROLINA,2004,22650,4197892
SOUTH DAKOTA,2004,3053,770621
TENNESSEE,2004,19331,5893298
TEXAS,2004,156682,22471549
UTAH,2004,4720,2420708
VERMONT,2004,1968,621233
VIRGINIA,2004,31072,7481332
WASHINGTON,2004,16503,6207046
WEST VIRGINIA,2004,3990,1812548
WISCONSIN,2004,22152,5503533
WYOMING,2004,1765,505887
ALABAMA,2005,24315,4548327
ALASKA,2005,4798,663253
ARIZONA,2005,33345,5953007
ARKANSAS,2005,12455,2775708
CALIFORNIA,2005,168035,36154147
COLORADO,2005,21063,4663295
CONNECTICUT,2005,17928,3500701
DELAWARE,2005,6788,841741
FLORIDA,2005,86559,17768191
GEORGIA,2005,48749,9132553
HAWAII,2005,5739,1273278
IDAHO,2005,6249,1429367
ILLINOIS,2005,44919,12765427
INDIANA,2005,22760,6266019
IOWA,2005,8737,2965524
KANSAS,2005,9090,2748172
KENTUCKY,2005,14904,4172608
LOUISIANA,2005,19371,4507331
MAINE,2005,1970,1318220
MARYLAND,2005,22553,5589599
MASSACHUSETTS,2005,10348,6433367
MICHIGAN,2005,49493,10100833
MINNESOTA,2005,8718,5126739
MISSISSIPPI,2005,16089,2908496
MISSOURI,2005,30415,5797703
MONTANA,2005,2822,934737
NEBRASKA,2005,4405,1758163
NEVADA,2005,11662,2412301
NEW HAMPSHIRE,2005,2423,1306819
NEW JERSEY,2005,25619,8703150
NEW MEXICO,2005,6571,1925985
NEW YORK,2005,63032,19315721
NORTH CAROLINA,2005,36646,8672459
NORTH DAKOTA,2005,1318,634605
OHIO,2005,45189,11470685
OKLAHOMA,2005,22907,3543442
OREGON,2005,12887,3638871
PENNSYLVANIA,2005,41941,12405348
RHODE ISLAND,2005,3414,1073579
SOUTH CAROLINA,2005,22456,4246933
SOUTH DAKOTA,2005,3346,774883
TENNESSEE,2005,19270,5955745
TEXAS,2005,157081,22928508
UTAH,2005,5058,2490334
VERMONT,2005,2078,622387
VIRGINIA,2005,30722,7564327
WASHINGTON,2005,16781,6291899
WEST VIRGINIA,2005,4036,1814083
WISCONSIN,2005,21921,5527644
WYOMING,2005,2096,508798
ALABAMA,2006,24103,4599030
ALASKA,2006,5052,670053
ARIZONA,2006,35752,6166318
ARKANSAS,2006,12854,2810872
CALIFORNIA,2006,172298,36457549
COLORADO,2006,22051,4753377
CONNECTICUT,2006,18902,3504809
DELAWARE,2006,7021,853476
FLORIDA,2006,90377,18089888
GEORGIA,2006,52792,9363941
HAWAII,2006,5510,1285498
IDAHO,2006,6665,1466465
ILLINOIS,2006,45106,12831970
INDIANA,2006,24901,6313520
IOWA,2006,8838,2982085
KANSAS,2006,8833,2764075
KENTUCKY,2006,15589,4206074
LOUISIANA,2006,20815,4287768
MAINE,2006,2083,1321574
MARYLAND,2006,22662,5615727
MASSACHUSETTS,2006,10773,6437193
MICHIGAN,2006,51515,10095643
MINNESOTA,2006,8814,5167101
MISSISSIPPI,2006,16384,2910540
MISSOURI,2006,30116,5842713
MONTANA,2006,2948,944632
NEBRASKA,2006,4399,1768331
NEVADA,2006,12754,2495529
NEW HAMPSHIRE,2006,2676,1314895
NEW JERSEY,2006,25554,8724560
NEW MEXICO,2006,6639,1954599
NEW YORK,2006,63538,19306183
NORTH CAROLINA,2006,37725,8856505
NORTH DAKOTA,2006,1337,635867
OHIO,2006,48482,11478006
OKLAHOMA,2006,22873,3579212
OREGON,2006,13191,3700758
PENNSYLVANIA,2006,43971,12440621
RHODE ISLAND,2006,3713,1067610
SOUTH CAROLINA,2006,22930,4321249
SOUTH DAKOTA,2006,3316,781919
TENNESSEE,2006,19312,6038803
TEXAS,2006,158510,23507783
UTAH,2006,5031,2550063
VERMONT,2006,2215,623908
VIRGINIA,2006,30823,7642884
WASHINGTON,2006,16827,6395798
WEST VIRGINIA,2006,4367,1818470
WISCONSIN,2006,22564,5556506
WYOMING,2006,2035,515004
ALABAMA,2007,25253,4627851
ALASKA,2007,5151,683478
ARIZONA,2007,37700,6338755
ARKANSAS,2007,13275,2834797
CALIFORNIA,2007,171444,36553215
COLORADO,2007,22666,4861515
CONNECTICUT,2007,19438,3502309
DELAWARE,2007,7110,864764
FLORIDA,2007,95187,18251243
GEORGIA,2007,54256,9544750
HAWAII,2007,5457,1283388
IDAHO,2007,7055,1499402
ILLINOIS,2007,45215,12852548
INDIANA,2007,25137,6345289
IOWA,2007,8692,2988046
KANSAS,2007,8721,2775997
KENTUCKY,2007,15364,4241474
LOUISIANA,2007,20461,4293204
MAINE,2007,2148,1317207
MARYLAND,2007,23184,5618344
MASSACHUSETTS,2007,11071,6449755
MICHIGAN,2007,50233,10071822
MINNESOTA,2007,9192,5197621
MISSISSIPPI,2007,17478,2918785
MISSOURI,2007,29823,5878415
MONTANA,2007,2909,957861
NEBRASKA,2007,4402,1774571
NEVADA,2007,13311,2565382
NEW HAMPSHIRE,2007,2759,1315828
NEW JERSEY,2007,25354,8685920
NEW MEXICO,2007,6429,1969915
NEW YORK,2007,62738,19297729
NORTH CAROLINA,2007,38240,9061032
NORTH DAKOTA,2007,1392,639715
OHIO,2007,49894,11466917
OKLAHOMA,2007,23778,3617316
OREGON,2007,13373,3747455
PENNSYLVANIA,2007,45530,12432792
RHODE ISLAND,2007,3745,1057832
SOUTH CAROLINA,2007,23578,4407709
SOUTH DAKOTA,2007,3276,796214
TENNESSEE,2007,19268,6156719
TEXAS,2007,158576,23904380
UTAH,2007,5165,2645330
VERMONT,2007,2116,621254
VIRGINIA,2007,32977,7712091
WASHINGTON,2007,16911,6468424
WEST VIRGINIA,2007,4907,1812035
WISCONSIN,2007,22839,5601640
WYOMING,2007,1927,522830
ALABAMA,2008,25363,4661900
ALASKA,2008,4997,686293
ARIZONA,2008,39455,6500180
ARKANSAS,2008,13135,2855390
CALIFORNIA,2008,171085,36756666
COLORADO,2008,23211,4939456
CONNECTICUT,2008,19905,3501252
DELAWARE,2008,6944,873092
FLORIDA,2008,99878,18328340
GEORGIA,2008,52719,9685744
HAWAII,2008,5455,1288198
IDAHO,2008,7033,1523816
ILLINOIS,2008,45474,12901563
INDIANA,2008,26392,6376792
IOWA,2008,8723,3002555
KANSAS,2008,8556,2802134
KENTUCKY,2008,15260,4269245
LOUISIANA,2008,20857,4410796
MAINE,2008,2047,1316456
MARYLAND,2008,23141,5633597
MASSACHUSETTS,2008,11174,6497967
MICHIGAN,2008,48738,10003422
MINNESOTA,2008,9031,5220393
MISSISSIPPI,2008,17896,2938618
MISSOURI,2008,30137,5911605
MONTANA,2008,2910,967440
NEBRASKA,2008,4470,1783432
NEVADA,2008,12877,2600167
NEW HAMPSHIRE,2008,2854,1315809
NEW JERSEY,2008,24835,8682661
NEW MEXICO,2008,6321,1984356
NEW YORK,2008,60198,19490297
NORTH CAROLINA,2008,39957,9222414
NORTH DAKOTA,2008,1379,641481
OHIO,2008,50884,11485910
OKLAHOMA,2008,23676,3642361
OREGON,2008,13541,3790060
PENNSYLVANIA,2008,48736,12448279
RHODE ISLAND,2008,3739,1050788
SOUTH CAROLINA,2008,23685,4479800
SOUTH DAKOTA,2008,3352,804194
TENNESSEE,2008,19379,6214888
TEXAS,2008,159237,24326974
UTAH,2008,5132,2736424
VERMONT,2008,2116,621270
VIRGINIA,2008,32585,7769089
WASHINGTON,2008,17188,6549224
WEST VIRGINIA,2008,4896,1814468
WISCONSIN,2008,22282,5627967
WYOMING,2008,1704,532668
ALABAMA,2009,27241,4708708
ALASKA,2009,5472,698473
ARIZONA,2009,40544,6595778
ARKANSAS,2009,13338,2889450
CALIFORNIA,2009,168830,36961664
COLORADO,2009,22725,5024748
CONNECTICUT,2009,18938,3518288
DELAWARE,2009,6581,885122
FLORIDA,2009,101373,18537969
GEORGIA,2009,53538,9829211
HAWAII,2009,4848,1295178
IDAHO,2009,7184,1545801
ILLINOIS,2009,45161,12910409
INDIANA,2009,26748,6423113
IOWA,2009,8914,3007856
KANSAS,2009,8644,2818747
KENTUCKY,2009,14984,4314113
LOUISIANA,2009,19889,4492076
MAINE,2009,2074,1318301
MARYLAND,2009,22066,5699478
MASSACHUSETTS,2009,11156,6593587
MICHIGAN,2009,45478,9969727
MINNESOTA,2009,9500,5266214
MISSISSIPPI,2009,17212,2951996
MISSOURI,2009,30519,5987580
MONTANA,2009,3085,974989
NEBRASKA,2009,4490,1796619
NEVADA,2009,12570,2643085
NEW HAMPSHIRE,2009,2915,1324575
NEW JERSEY,2009,24115,8707739
NEW MEXICO,2009,6584,2009671
NEW YORK,2009,58479,19541453
NORTH CAROLINA,2009,40133,9380884
NORTH DAKOTA,2009,1436,646844
OHIO,2009,50783,11542645
OKLAHOMA,2009,24053,3687050
OREGON,2009,13735,3825657
PENNSYLVANIA,2009,50485,12604767
RHODE ISLAND,2009,3413,1053209
SOUTH CAROLINA,2009,23685,4561242
SOUTH DAKOTA,2009,3390,812383
TENNESSEE,2009,19932,6296254
TEXAS,2009,158542,24782302
UTAH,2009,5244,2784572
VERMONT,2009,2220,621760
VIRGINIA,2009,30995,7882590
WASHINGTON,2009,17255,6664195
WEST VIRGINIA,2009,5062,1819777
WISCONSIN,2009,22262,5654774
WYOMING,2009,1743,544270
ALABAMA,2010,27345,4785401
ALASKA,2010,5369,714146
ARIZONA,2010,40130,6413158
ARKANSAS,2010,14192,2921588
CALIFORNIA,2010,162821,37338198
COLORADO,2010,22752,5047692
CONNECTICUT,2010,18629,3575498
DELAWARE,2010,6378,899792
FLORIDA,2010,102070,18838613
GEORGIA,2010,52794,9712157
HAWAII,2010,5294,1363359
IDAHO,2010,7235,1571102
ILLINOIS,2010,48418,12841980
INDIANA,2010,27273,6490622
IOWA,2010,9457,3050202
KANSAS,2010,9055,2859143
KENTUCKY,2010,14501,4347223
LOUISIANA,2010,19008,4545343
MAINE,2010,1954,1327379
MARYLAND,2010,22856,5785681
MASSACHUSETTS,2010,11162,6555466
MICHIGAN,2010,44113,9877143
MINNESOTA,2010,9397,5310658
MISSISSIPPI,2010,16454,2970072
MISSOURI,2010,30577,5995715
MONTANA,2010,3137,990958
NEBRASKA,2010,4608,1830141
NEVADA,2010,12192,2704283
NEW HAMPSHIRE,2010,2617,1316807
NEW JERSEY,2010,24488,8799593
NEW MEXICO,2010,6659,2065913
NEW YORK,2010,56420,19395206
NORTH CAROLINA,2010,40375,9560234
NORTH DAKOTA,2010,1416,674629
OHIO,2010,51709,11537968
OKLAHOMA,2010,24147,3760184
OREGON,2010,13859,3838332
PENNSYLVANIA,2010,48087,12717722
RHODE ISLAND,2010,3159,1052528
SOUTH CAROLINA,2010,23009,4637106
SOUTH DAKOTA,2010,3393,816598
TENNESSEE,2010,20037,6357436
TEXAS,2010,160242,25253466
UTAH,2010,5442,2775479
VERMONT,2010,2079,625909
VIRGINIA,2010,31911,8023953
WASHINGTON,2010,17028,6742950
WEST VIRGINIA,2010,5072,1854368
WISCONSIN,2010,22033,5691659
WYOMING,2010,2092,564554
ALABAMA,2011,26813,4803689
ALASKA,2011,6216,723860
ARIZONA,2011,39949,6467315
ARKANSAS,2011,14090,2938582
CALIFORNIA,2011,147578,37683933
COLORADO,2011,21862,5116302
CONNECTICUT,2011,17877,3586717
DELAWARE,2011,6546,908137
FLORIDA,2011,100861,19082262
GEORGIA,2011,52844,9812460
HAWAII,2011,5454,1378129
IDAHO,2011,7470,1583744
ILLINOIS,2011,48427,12859752
INDIANA,2011,27402,6516353
IOWA,2011,9115,3064097
KANSAS,2011,9330,2870386
KENTUCKY,2011,14001,4366814
LOUISIANA,2011,18844,4574766
MAINE,2011,1978,1328544
MARYLAND,2011,23001,5839572
MASSACHUSETTS,2011,11467,6607003
MICHIGAN,2011,42904,9876801
MINNESOTA,2011,9309,5347299
MISSISSIPPI,2011,15390,2977457
MISSOURI,2011,30969,6008984
MONTANA,2011,3125,997667
NEBRASKA,2011,4657,1842234
NEVADA,2011,12159,2720028
NEW HAMPSHIRE,2011,2423,1317807
NEW JERSEY,2011,23642,8834773
NEW MEXICO,2011,6687,2078674
NEW YORK,2011,55196,19501616
NORTH CAROLINA,2011,39662,9651103
NORTH DAKOTA,2011,1385,684740
OHIO,2011,50961,11541007
OKLAHOMA,2011,23750,3784163
OREGON,2011,13728,3868229
PENNSYLVANIA,2011,49710,12743948
RHODE ISLAND,2011,3032,1050646
SOUTH CAROLINA,2011,22363,4673348
SOUTH DAKOTA,2011,3562,823593
TENNESSEE,2011,19831,6399787
TEXAS,2011,159956,25631778
UTAH,2011,5294,2814347
VERMONT,2011,2053,626592
VIRGINIA,2011,30531,8104384
WASHINGTON,2011,17109,6823267
WEST VIRGINIA,2011,5149,1854908
WISCONSIN,2011,22388,5709843
WYOMING,2011,2162,567356
ALABAMA,2012,26768,4817528
ALASKA,2012,6308,730307
ARIZONA,2012,40013,6551149
ARKANSAS,2012,14043,2949828
CALIFORNIA,2012,132935,37999878
COLORADO,2012,20328,5189458
CONNECTICUT,2012,17164,3591765
DELAWARE,2012,6730,917053
FLORIDA,2012,99835,19320749
GEORGIA,2012,55178,9915646
HAWAII,2012,5297,1390090
IDAHO,2012,7715,1595590
ILLINOIS,2012,49348,12868192
INDIANA,2012,28034,6537782
IOWA,2012,8735,3075039
KANSAS,2012,9505,2885398
KENTUCKY,2012,12998,4379730
LOUISIANA,2012,18601,4602134
MAINE,2012,1977,1328501
MARYLAND,2012,21810,5884868
MASSACHUSETTS,2012,11127,6645303
MICHIGAN,2012,43594,9882519
MINNESOTA,2012,9421,5379646
MISSISSIPPI,2012,15791,2986450
MISSOURI,2012,31205,6024522
MONTANA,2012,3095,1005494
NEBRASKA,2012,4721,1855350
NEVADA,2012,12594,2754354
NEW HAMPSHIRE,2012,2568,1321617
NEW JERSEY,2012,23050,8867749
NEW MEXICO,2012,6640,2083540
NEW YORK,2012,54058,19576125
NORTH CAROLINA,2012,37378,9748364
NORTH DAKOTA,2012,1413,701345
OHIO,2012,50872,11553031
OKLAHOMA,2012,24370,3815780
OREGON,2012,14123,3899801
PENNSYLVANIA,2012,50228,12764475
RHODE ISLAND,2012,3042,1050304
SOUTH CAROLINA,2012,21867,4723417
SOUTH DAKOTA,2012,3596,834047
TENNESSEE,2012,19817,6454914
TEXAS,2012,155195,26060796
UTAH,2012,5309,2854871
VERMONT,2012,2034,625953
VIRGINIA,2012,29708,8186628
WASHINGTON,2012,16919,6895318
WEST VIRGINIA,2012,5335,1856680
WISCONSIN,2012,22419,5724554
WYOMING,2012,2187,576626
ALABAMA,2013,26825,4833996
ALASKA,2013,5081,737259
ARIZONA,2013,41031,6634997
ARKANSAS,2013,14295,2958765
CALIFORNIA,2013,134339,38431393
COLORADO,2013,20184,5272086
CONNECTICUT,2013,17319,3599341
DELAWARE,2013,6798,925240
FLORIDA,2013,100940,19600311
GEORGIA,2013,53701,9994759
HAWAII,2013,5173,1408987
IDAHO,2013,7219,1612843
ILLINOIS,2013,48653,12890552
INDIANA,2013,28495,6570713
IOWA,2013,8707,3092341
KANSAS,2013,9610,2895801
KENTUCKY,2013,12141,4399583
LOUISIANA,2013,18794,4629284
MAINE,2013,2073,1328702
MARYLAND,2013,21705,5938737
MASSACHUSETTS,2013,10622,6708874
MICHIGAN,2013,43704,9898193
MINNESOTA,2013,9391,5422060
MISSISSIPPI,2013,15591,2992206
MISSOURI,2013,31499,6044917
MONTANA,2013,3125,1014864
NEBRASKA,2013,5012,1868969
NEVADA,2013,12789,2791494
NEW HAMPSHIRE,2013,2623,1322616
NEW JERSEY,2013,22263,8911502
NEW MEXICO,2013,6767,2086895
NEW YORK,2013,53312,19695680
NORTH CAROLINA,2013,37176,9848917
NORTH DAKOTA,2013,1576,723857
OHIO,2013,51711,11572005
OKLAHOMA,2013,25364,3853118
OREGON,2013,14605,3928068
PENNSYLVANIA,2013,49971,12781296
RHODE ISLAND,2013,3168,1053354
SOUTH CAROLINA,2013,21534,4771929
SOUTH DAKOTA,2013,3612,845510
TENNESSEE,2013,20758,6497269
TEXAS,2013,155377,26505637
UTAH,2013,5382,2902787
VERMONT,2013,2078,626855
VIRGINIA,2013,29985,8270345
WASHINGTON,2013,17760,6973742
WEST VIRGINIA,2013,5708,1853595
WISCONSIN,2013,22443,5742953
WYOMING,2013,2288,583223
ALABAMA,2014,26145,4849377
ALASKA,2014,6323,736732
ARIZONA,2014,42136,6731484
ARKANSAS,2014,15250,2966369
CALIFORNIA,2014,134430,38802500
COLORADO,2014,20469,5355866
CONNECTICUT,2014,16814,3596677
DELAWARE,2014,6730,935614
FLORIDA,2014,100873,19893297
GEORGIA,2014,52719,10097343
HAWAII,2014,5390,1419561
IDAHO,2014,7497,1634464
ILLINOIS,2014,48278,12880580
INDIANA,2014,32493,6596855
IOWA,2014,8845,3107126
KANSAS,2014,9539,2904021
KENTUCKY,2014,12114,4413457
LOUISIANA,2014,18710,4649676
MAINE,2014,2199,1330089
MARYLAND,2014,21266,5976407
MASSACHUSETTS,2014,10447,6745408
MICHIGAN,2014,43359,9909877
MINNESOTA,2014,9576,5457173
MISSISSIPPI,2014,13069,2994079
MISSOURI,2014,31903,6063589
MONTANA,2014,3119,1023579
NEBRASKA,2014,5228,1881503
NEVADA,2014,12693,2839099
NEW HAMPSHIRE,2014,2723,1326813
NEW JERSEY,2014,21394,8938175
NEW MEXICO,2014,6948,2085572
NEW YORK,2014,52362,19746227
NORTH CAROLINA,2014,37348,9943964
NORTH DAKOTA,2014,1696,739482
OHIO,2014,51521,11594163
OKLAHOMA,2014,26493,3878051
OREGON,2014,14492,3970239
PENNSYLVANIA,2014,49174,12787209
RHODE ISLAND,2014,3133,1055173
SOUTH CAROLINA,2014,20948,4832482
SOUTH DAKOTA,2014,3507,853175
TENNESSEE,2014,20815,6549352
TEXAS,2014,154247,26956958
UTAH,2014,5307,2942902
VERMONT,2014,1979,626562
VIRGINIA,2014,30050,8326289
WASHINGTON,2014,17180,7061530
WEST VIRGINIA,2014,5867,1850326
WISCONSIN,2014,22572,5757564
WYOMING,2014,2369,584153
ALABAMA,2015,25212,4858979
ALASKA,2015,5247,738432
ARIZONA,2015,42204,6828065
ARKANSAS,2015,15784,2978204
CALIFORNIA,2015,127815,39144818
COLORADO,2015,19959,5456574
CONNECTICUT,2015,16024,3590886
DELAWARE,2015,6437,945934
FLORIDA,2015,99485,20271272
GEORGIA,2015,52002,10214860
HAWAII,2015,5413,1431603
IDAHO,2015,7238,1654930
ILLINOIS,2015,46240,12859995
INDIANA,2015,26586,6619680
IOWA,2015,8864,3123899
KANSAS,2015,9533,2911641
KENTUCKY,2015,11959,4425092
LOUISIANA,2015,18447,4670724
MAINE,2015,2190,1329328
MARYLAND,2015,20951,6006401
MASSACHUSETTS,2015,9493,6794422
MICHIGAN,2015,42628,9922576
MINNESOTA,2015,9578,5489594
MISSISSIPPI,2015,13967,2992333
MISSOURI,2015,32295,6083672
MONTANA,2015,3176,1032949
NEBRASKA,2015,5133,1896190
NEVADA,2015,13235,2890845
NEW HAMPSHIRE,2015,2661,1330608
NEW JERSEY,2015,20294,8958013
NEW MEXICO,2015,7104,2085109
NORTH CAROLINA,2015,36888,10042802
NORTH DAKOTA,2015,1772,756927
OHIO,2015,52240,11613423
OKLAHOMA,2015,27321,3911338
OREGON,2015,14655,4028977
PENNSYLVANIA,2015,48846,12802503
RHODE ISLAND,2015,2982,1056298
SOUTH CAROLINA,2015,20457,4896146
SOUTH DAKOTA,2015,3536,858469
TENNESSEE,2015,19800,6600299
TEXAS,2015,152492,27469114
UTAH,2015,4831,2995919
VERMONT,2015,1750,626042
VIRGINIA,2015,30430,8382993
WASHINGTON,2015,17222,7170351
WEST VIRGINIA,2015,5925,1844128
WISCONSIN,2015,22914,5771337
WYOMING,2015,2400,586107
ALABAMA,2016,23745,4860545
ALASKA,2016,4378,741522
ARIZONA,2016,42248,6908642
ARKANSAS,2016,15833,2988231
CALIFORNIA,2016,129416,39296476
COLORADO,2016,19486,5530105
CONNECTICUT,2016,15040,3587685
DELAWARE,2016,6334,952698
FLORIDA,2016,98010,20656589
GEORGIA,2016,53433,10313620
HAWAII,2016,5182,1428683
IDAHO,2016,7221,1680026
ILLINOIS,2016,43616,12835726
INDIANA,2016,25143,6634007
IOWA,2016,9049,3130869
KANSAS,2016,9653,2907731
KENTUCKY,2016,11867,4436113
LOUISIANA,2016,15059,4686157
MAINE,2016,2356,1330232
MARYLAND,2016,20236,6024752
MASSACHUSETTS,2016,9038,6823721
MICHIGAN,2016,41122,9933445
MINNESOTA,2016,9509,5525050
MISSISSIPPI,2016,13720,2985415
MISSOURI,2016,32427,6091176
MONTANA,2016,3199,1038656
NEBRASKA,2016,5167,1907603
NEVADA,2016,13932,2939254
NEW HAMPSHIRE,2016,2599,1335015
NEW JERSEY,2016,19458,8978416
NEW MEXICO,2016,6996,2085432
NEW YORK,2016,50611,19836286
NORTH CAROLINA,2016,35970,10156689
NORTH DAKOTA,2016,1639,755548
OHIO,2016,52172,11622554
OKLAHOMA,2016,26367,3921207
OREGON,2016,14579,4085989
PENNSYLVANIA,2016,48287,12787085
RHODE ISLAND,2016,2887,1057566
SOUTH CAROLINA,2016,20376,4959822
SOUTH DAKOTA,2016,3770,861542
TENNESSEE,2016,21539,6649404
TEXAS,2016,151276,27904862
UTAH,2016,4502,3044321
VERMONT,2016,1735,623354
VIRGINIA,2016,29882,8414380
WASHINGTON,2016,17228,7280934
WEST VIRGINIA,2016,5899,1828637
WISCONSIN,2016,23163,5772917
WYOMING,2016,2352,584910
